<addon id="plugin.program.iluvatar.mantenimiento"
       name="Iluvatar Mantenimiento"
       version="2.2.1"
       provider-name="Iluvatar">

    <requires>
        <import addon="xbmc.python" version="3.0.1"/>
    </requires>

    <!-- Menú del addon -->
    <extension point="xbmc.python.script" library="default.py"/>

    <!-- Servicio que corre al inicio -->
    <extension point="xbmc.service" library="service.py" start="startup"/>

    <extension point="xbmc.addon.metadata">
        <summary lang="es">Mantenimiento: limpieza de caché y gestión de buffer</summary>
        <summary lang="en">Maintenance: cache cleaning and buffer management</summary>
        <description lang="es">Limpia caché y temporales al iniciar Kodi, ajusta el buffer con perfiles o automático, y permite restaurar advancedsettings.xml.</description>
        <description lang="en">Cleans cache and temp files at Kodi startup, adjusts buffer with profiles or automatic mode, and allows restoring advancedsettings.xml.</description>
        <platform>all</platform>
        <assets>
            <icon>icon.png</icon>
            <fanart>fanart.jpg</fanart>
        </assets>
    </extension>
</addon>
