﻿<?xml version="1.0" encoding="UTF-8" standalone="yes"?>
<addon id="plugin.program.cerrarkodi" name="Cerrarkodiluvatar" version="3.1.3" provider-name="Iluvatar">
  <extension point="xbmc.python.script" library="default.py" />
  <extension point="xbmc.addon.metadata">
    <summary lang="es">Cerrar Kodi forzado</summary>
    <description lang="es">Addon para cerrar Kodi rápidamente</description>
    <platform>all</platform>
    <assets>
      <icon>icon.png</icon>
      <fanart>fanart.jpg</fanart>
    </assets>
  </extension>
</addon>
