<addon id="repository.iLu" name="iLu Repo" version="1.0.0" provider-name="iLuvatar-elweno">
    <extension point="xbmc.addon.repository" name="iLu Repo">
        <info>https://github.com/iLuvatar-elweno/iLu/raw/main/addons.xml</info>
        <checksum>https://github.com/iLuvatar-elweno/iLu/raw/main/addons.xml.md5</checksum>
        <datadir>https://github.com/iLuvatar-elweno/iLu/raw/main/</datadir>
        <artwork>
            <icon>icon.png</icon>
            <fanart>fanart.jpg</fanart>
        </artwork>
    </extension>
    <extension point="xbmc.addon.metadata">
        <summary>Repositorio de addons iLu</summary>
        <description>Repositorio con addons funcionando.</description>
        <platform>all</platform>
    </extension>
</addon>